01	berkeley_field_placement_safety	https://care.berkeley.edu/wp-content/uploads/2021/01/PTC_201130_Grad-Student-Field-Placement-Guide-1.pdf
02	berkeley_haas_assessment_grading	https://haas.berkeley.edu/wp-content/uploads/Assessment-and-Grading-Frank-Schultz.pdf
03	uwmadison_pbpg_phd_handbook	https://plantbreeding.wisc.edu/wp-content/uploads/sites/210/2024/11/PBPG-PHD-Handbook-2020.pdf
04	uwmadison_lsc_ms_handbook	https://lsc.wisc.edu/wp-content/uploads/sites/876/2020/06/LSC-MS-Handbook-1.21.21-1.pdf
05	uf_housing_contract_addendum	https://housing.ufl.edu/wp-content/uploads/2026/05/Addendum-to-Housing-Contract-Infinity-Hall-FINAL-7.31.15-2.pdf
06	berkeley_code_of_student_conduct	https://conduct.berkeley.edu/wp-content/uploads/2021/02/Code-of-Conduct_January-2016.pdf
07	osu_placement_testing_protocol	https://cllc.osu.edu/sites/default/files/2021-08/carmen_covid-19_8-27-21_placement_testing_protocol79.pdf
08	osu_pharmacy_code_of_conduct	https://pharmacy.osu.edu/sites/default/files/Code%20of%20Conduct_2025.pdf
09	osu_academic_misconduct_lecture	https://cllc.osu.edu/sites/cllc.osu.edu/files/Academic_Misconduct_Lecture.pdf
10	osu_coam_annual_report_2023_24	https://senate.osu.edu/sites/default/files/documents/AcademicMisconduct_Annual_Report_2023-2024.pdf
11	uw_bioethics_academic_conduct	https://depts.washington.edu/bhdept/sites/default/files/BH%20PolicyOnAcademicConduct.pdf
12	umich_dearborn_disruptive_behavior	https://catalog.umd.umich.edu/academic-policies-campus/disruptive-student-behavior/disruptive-student-behavior.pdf
13	uf_geography_grad_handbook	https://geog.ufl.edu/wp-content/uploads/sites/313/Graduate-Student-Handbook-Fall-2023.pdf
14	uw_econ301_macro_syllabus	https://econ.washington.edu/sites/econ/files/documents/syllabus_econ_301d_winter_2020.pdf
15	utaustin_first_year_elections	https://deanofstudents.utexas.edu/studentelections/downloads/2019FirstYearElectionInformationForStudents.pdf
16	illinois_physics_rcr_intro	https://ws.engr.illinois.edu/sitemanager/getfile.asp?id=2886
17	uf_misd_masters_handbook	https://dcp.ufl.edu/sbe/wp-content/uploads/sites/32/2024/12/MISD-Handbook-2024-25.pdf
18	illinois_netmath_exam_orientation	https://netmath.illinois.edu/sites/default/files/2025-07/SU%20Exam%20Orientation%202025.pdf
19	utaustin_mccombs_ms_handbook	https://www.mccombs.utexas.edu/wp-content/uploads/2026/03/FINAL_Texas_FT_MS-Programs_26-27_Student_Handbook.pdf
20	umich_ngp_code_of_conduct	https://medschool.umich.edu/sites/default/files/2023-10/NGP%20Code%20of%20Conduct%202022.11.16.pdf
21	umich_responsible_use_it_resources	https://spg.umich.edu/sites/default/files/601x07_1.pdf
22	uf_hobi_ms_handbook	https://hobi.med.ufl.edu/wordpress/files/2023/09/HOBI-MS-Handbook-2020_final.pdf
23	osu_math_ta_guidelines	https://math.osu.edu/sites/math.osu.edu/files/taguidelines.pdf
24	utaustin_ssw_capstone_syllabus	https://syllabi.socialwork.utexas.edu/wp-content/uploads/2020/03/sp2018SW385T-Adv-Integ-Caps-Knowl-Prac-4.pdf
